01kcPWA9K2BOxQeS5Rju,1
04EjIdbPV5e1XroFOpiN,1
05EeG39MTRrI6VY21DPd,1
05rJTUWYAKNegBk2wE8X,1
0AnoOZDNbPXIr2MRBSCJ,1
0AwWs42SUQ19mI7eDcTC,1
0cH8YeO15ZywEhPrJvmj,1
0DNVFKwYlcjO7bTfJ5p1,1
0DqUX5rkg3IbMY6BLGCE,1
0eaNKwluUmkYdIvZ923c,1
0fHVZKeTE6iRb1PIQ4au,1
0G4hwobLuAzvl1PWYfmd,1
0gkj92oIleU4SYiCWpaM,1
0H63jydvIahOVqgx5Kfo,1
0Hrfce4X5YGESJPjl9uL,1
0I4ZVvngsAatm8fzD3pk,1
0iBaz3krsQ8HuA7cGDSt,1
0iS3pwlgJco8XORD4TLq,1
0jkmvR43UQ9yKxqXei61,1
0KigmP9TLwJXNGz26tfO,1
0l6fhCty3aSLDOgAjYQi,1
0MOorvEIRmZGhqQdc3TA,1
0NEsQlDGnUMg3Bew7R1A,1
0NyfGXt8nmlK72Q9Irhs,1
0odUVkrjp2B1n8NDS6bR,1
0pTO4SVnWDehgUlYBAvq,1
0qpMX5CZU8mgD2kaRNVv,1
0Rgetc1wAfxlzHTGBOa7,1
0rgudc7PpbexCtBjNqWF,1
0S7z4qxYTHPUDO8fgIyA,1
0SIqXMkDBWKE8s9pQaOv,1
0uNkt6sirCnUWw175pjl,1
0WdoYq78xDkFMcIwRpmJ,1
0X6U3SfcmbuZNodnH9qL,1
0yBQ5dAc2gN4qx9YWuiS,1
0YRDpBU67WrqEugkXlnd,1
0ZHV6acpJ9KkAWPjEI71,1
0ZiQmgtxzHe9v5O8Lf2k,1
0ZTEyLXaWReMK3rYVCjv,1
12TEseaJ4jnbyORqKxhf,1
15loeAHtkJa8BuFi6Zry,1
175ZU8ClOsnifz03ybcX,1
19zYbuW3XONcEedv7xUl,1
1aAwe4J9VHrsq8uEoZhf,1
1AXVt0D9mSU26fL4iFGc,1
1ckp5Ye83yzjIilWQCfm,1
1Cub9LvOgMWkQqs3R2ef,1
1CWtrEfORZDj7psmnToA,1
1d485UYC6qhXKrAcDJPZ,1
1DNWriJEg56S03yvjTBu,1
01IsoiSMh5gxyDYTl4CB,2
02JqQ7H3yEoD8viYWlmS,2
02K5GMYITj7bBoAisEmD,2
02MRILoE6rNhmt7FUi45,2
02zcUmKV16Lya5xqnPGB,2
05aiMRw13bYWqZ8OHvjl,2
05IXcWGxvnkto4sq17zZ,2
05Kps4iFw8mOLJZQrb1H,2
065EZhxgbLRSHsB87uIF,2
06aLOj8EUXMByS423sum,2
06QinlpeFIWj8qHc7Vys,2
07iSOIG2urUvsMl9E5Rn,2
0A32eTdBKayjCWhZqDOQ,2
0akIgwhWHYm1dzsNqBFx,2
0ASH2csN7k8jZyoRaqtn,2
0BEsCP7NAUy8XmkenHWG,2
0bN6ODYWw2xeCQBn3tEg,2
0DbLeKSoxu47wjqVHsi9,2
0DM3hS6Gg2QVKb1fZydv,2
0dnTixlMYzDUpsvEVrGc,2
0DTp59Av1RLifoKlUdm7,2
0EAdHtLDypMcwjTFJziC,2
0F4qIHaR7xOrm19Set3o,2
0FKerJl18xOc3jdoyg4A,2
0fvnGU7dkbr8iEhZuMcP,2
0G2RV1chBlIbkt6JqA5Q,2
0GbMkYlNyt72OzBjIcVh,2
0gCmlyxw2UJvX7SNOGqu,2
0gDsIvrylX5fPbG7cSBn,2
0gHs6DEouiCPAcmWFrTX,2
0GKp9ZJclxTABMunIOD2,2
0gL3h5G6CszBV7RSinjJ,2
0Gu4misTcKynQD2Ol1Jx,2
0GUIi7xAlODwZ4YBenNM,2
0gUpzkLVT73PCXx5WFRI,2
0GuYe4J7oLwQ82xr3pWS,2
0gxJ1YmwFUvnOzoM8N53,2
0hBIiRpkMZtoYj3lcDLa,2
0HcZRmLi9VTpuQJCoXny,2
0HICT7RtjaVQzcNOeMgS,2
0HKM38fmCR5DrxoIkBnQ,2
0Hlm4XgE1cQhC6BkMays,2
0Hn2ojct97Wp1TbdNM4Q,2
0i4FNJPQ8GuB3WU56LTS,2
0IAlcuEiP9G6epb71Oom,2
0isdESDMzq2K8T6FLPcC,2
0JECiqrVNR1dgj67pZue,2
0JfwyrEcBqaRzN9TgFMh,2
0JOb8TyN6VBGCrjAkzfP,2
0KLUAMqmPJhOwaYrbSCE,2
04BfoQRA6XEshiNuI7pF,3
04cvLCVPqBMs6yn5xGlE,3
04QzZ3DVdPsEp9elLR65,3
04sJnMaORYc1SV5pKjrP,3
06arUi9q3wHS2C8RZxeB,3
06KfrF7ltESna2ZHPVp5,3
06osXqPUVM1HbvBGNncT,3
07nrG1cLKUPxjOlWMFiV,3
09bfacpUzuBN5W3S8KTo,3
0aSTGBVRXeJhx5OcpsgC,3
0aU7XWsr8RtN94jvo3lG,3
0BKcmNv4iGY2hsVSaXJ6,3
0BLbmzJRkjNynCgQIdtV,3
0cdnSIvN489sFUwYlrMQ,3
0cfGJLYgE6ROaZH7KT1h,3
0cfIE39ihRNo2rkZOw5H,3
0cGWK6VvCkm7O2AxDjtw,3
0csgzpwdL3FbZEJu6DjO,3
0CzL6rfwaTqGOu9eghBt,3
0D9IedmC1viTPugLRWX6,3
0daTri9PSkeEsVHu5Dhw,3
0Dk7Wd8MERu3b5rmQzCK,3
0dkuzUXLTEFwW71vP5bS,3
0DTs2PhZfCwEv7q8349K,3
0Eo9qT6idXHDMebwmvPA,3
0evDQX7AVfC1ZTJEKltg,3
0FdOaDWrfBU6TqwCRYxA,3
0fGuCWgTraQ6nEmLPN8q,3
0Fu9oETtMW4zlg1ZrUy6,3
0fxgjYEClPL1BDbcshzJ,3
0GKzFQ81IYXqUWkmfv26,3
0glscKoNakWL84EpunPe,3
0gSm7QZu5x6MBvVzUncH,3
0GVcTdBQXWUJ2t7vjphN,3
0GvtWEPUBfDAcMbiYVSR,3
0hH3JB2wM79lYdsyuK5N,3
0hWRb28Umdgj7xcXOwtC,3
0hZqVRKkw7GfMdpalLiN,3
0i4ENysvVrgFnbaHUuJK,3
0iABvIkp3WHfgrJ79ymq,3
0icJrNnmPvDqVQkC3we1,3
0IMUKlZs1Sm8LpGRkWhT,3
0itbI5mjJF28ocTkrUf9,3
0IyaidUKRqnt2PDfOzHT,3
0IYZltU7uMpaco85PfKr,3
0J2pOclDKjadkL57eroz,3
0jAopX629OwEH8WPkzVU,3
0JAzwGUKORhFQWr3o1dN,3
0JBNEWmdi7GptrK5qYD9,3
0JPAX13cjxewaTh6tRCi,3
0qPGt4cRVk9NoiJgubf2,4
1bL4yiwCUvSOg7tBJudf,4
1eOaAY4fpV38LIdhxl95,4
1FacC02JPfxSdXeD7MEw,4
1gx83bLB4PSsYIKCTlZt,4
1PQFYMSBLAO9TmKk2Zhj,4
1S9ui2XqltCJAOGUPw7v,4
1yC7BzWHgtI2FibhQ0km,4
2CfJMa5HIn6D1d9EXbpe,4
2g4C03AeqoZR6ctiF1Qr,4
2icwOdb5xCshnIvMXfy4,4
2mYSX6J9Dd5lkpLuNMc8,4
2nNeZpSmwzACDiljoXM0,4
2qSURceVYgQEhOFAdPXC,4
2SRWXLQomgJyliq3G6BM,4
2VhINMP4oKmsnjZkY38U,4
2vzlFiPL03STnwtDhoCU,4
2WBAlcgeu4zZbTNy713v,4
2XiGfo95mCALRbu6KzVY,4
2YNFrzjaecyUInXCDVmt,4
2ZY5e4PHsEAvkziQGFR6,4
30htxi8FRcmfUkInewlS,4
32r6nRhN1UCwtFTfy8ZG,4
32rcXoa5QI1EmxBFS9he,4
3d2x0BYR7aiJLfPNsbgo,4
3ekS6OIvjTVhQsgrqiHo,4
3hfRptP5gUEqDHlCkMYX,4
3nowFMmKJAkiNs8CaGVb,4
3OX0rbks7LQmeDcKx8C4,4
3Q8Wvm1ceyOhSajNdCUb,4
3RiBw0ntobeCh5VEQrY1,4
3WhAuJ8OlUsk2XT0ImiK,4
4AGv29WBlocjZiPIKqsp,4
4aMbnHlA9es8vKmOFR2Z,4
4AuqM30HyOajgr8SleRL,4
4GUJ7HBXO8I56WyRSMQd,4
4j5ZXQI3ghezluq1snEp,4
4QCBDTJFskOqox0H8XIL,4
4suKxkVWNqFQZLB5UfXD,4
4vNDlExnr0y2mFXUgbz3,4
4WaGm3PhidQVRopgXz7J,4
4ZBJzEqnW52fFUw0PG3v,4
508Uk9z1gvCtucARFWG3,4
50fz3EgBdYQKMjvinR9w,4
51rb6a438sZKqOgzwYlj,4
5aqZV2vfkm63IeXYPlWg,4
5dqijn0zcEPgONTLFRoI,4
5HbKUA1oyJDeLwhM26Fq,4
5IDvAEnUpuQH7LeloGiK,4
5JfdLYbqX8oFmD1WTg97,4
0qjuDC7Rhx9rHkLlItAp,5
1IpWLz6eyhVxDAfQMKEd,5
1KB3Z7gd5aN4Xmx8W0sf,5
2aHfrLhcPTj5GnFZXUCN,5
2pwjzv6eGEb8QmHPfxSc,5
2qAtoGOuMQZdmH3y7bEY,5
3m8kb5ILPrHcMC1o9Nht,5
3zZpqyclD9B2v5Qas18m,5
40KRbGeQZ8PwcUgt5joa,5
4UTMdcZkxzLvwygO8EuK,5
5tMCNKDogQ2x7zwUbpcZ,5
7cyYPthi5KmvXEs2NkRj,5
8wm2jYBqV30okUMfuDCd,5
AeCXyFRcU2SsgvVTpMzi,5
asKPnzUXjShMc0Tl6Wge,5
b59dlNEacoYUAyeR4Ipq,5
B6dzEY3kKIn8me9McfGg,5
bGPHZFpAL3N957064wzj,5
BKXtxeYlLsprabEWIQhn,5
cIojVJGQOtrL0S1ApeDY,5
CRrAOvzk452LVZIGMWsq,5
cYb4XuNSqOA9IFLHseG1,5
DEyOUKzN2g8suv96eYoC,5
Dj3FqX9IAHco2tG1UOZS,5
dKcE7Q1zuFViSaDRUtxY,5
e2r6IncxE1LQOKFGgphj,5
EB0d2fJGLHam1tQCUDWu,5
ei0C84XpoqcAS6v5ZExI,5
epLciPaHrTu1gl4CW7Uf,5
F6nOrb9ipd0SskWuJjUw,5
FdiEeV3N8WtUSXjmcrxo,5
Fnda3PuqJT6Ep5vjOWCk,5
FsirpP0oDwXeAzC2KndG,5
fyH8oWql4rg7tEJSLpIB,5
gB105vrJPbcGCtuj7p4a,5
GbTUXFYkMoafQSe1zN94,5
GkMBlvTidr5oyYOVJCwc,5
Hc5LqZVK2yzlsb8BEfdO,5
hrguW0CqMt2mJdfvX8IB,5
hZiVAw5nREjHU1qodatK,5
i8WIr0dtVHSGMmwFlcUY,5
idjesBrKybwkzPXMalUL,5
02IOCvYEy8mjiuAQHax3,6
02mlBLHZTDFXGa7Nt6cr,6
03nJaQV6K2ObICUmyWoR,6
05LHG8fR3iPn6agIo9z7,6
08BX5Slp2I1FraZWbc6j,6
09CPNMYyQjSguFrE8UOf,6
09sXMJUHwQWVanrhzAoT,6
0BZQIJak6Pu2tyAXfrzR,6
0Cq4wfhLrKBJiut1lYAZ,6
0df4cbsTBCn1VGW8lQRv,6
0EL7OGZKozbiNCVP61gk,6
0iZTHuQ5KMb4RtAlrz6D,6
0JnvoeflBWwIcQa5GEPK,6
0KZFcsOYR4MdPJf6VvGS,6
0MmZ8j5pn2R3VG9wlxYi,6
0NXFnJyOEhBAISKfiU67,6
0q6eABpEHSbXlIzGh7jc,6
0sLBvJeYl5UkiRzV1atI,6
0sM2atqTo48GgnFwhQXu,6
0sM6DQlxcP3oAfd9ZVBT,6
0TqZzRJOeno9NKpHIba5,6
0uDV25KpjABxvQ1rXgzT,6
0VnTurd7B4YsH63wUGJ2,6
13HkPY29CL8RzS0FOc5D,6
16KuXyrdDOCWGhc7P4kL,6
17jNaPkYIgvUyw9HxC5D,6
19B6wSHOLmjhGPoquTbW,6
19Emlw3WgC2O4iJknVtP,6
1A7UqoIMrxHgVuW3FS9c,6
1aDvVlWtPApk6EuKLdCG,6
1cdtwSyhmiekLoH7OUEs,6
1d79vVgNkt4fMjQELaw3,6
1Fe4Dk5vSltEWj3Kpg97,6
1h7nkscUw5lDurHXPE20,6
1i2SThtkCGEplHeoJxqI,6
1IjdZ2HuarlMYEBFbTCK,6
1MnbpHvF3KGLS49yARaJ,6
1Nu6CWGKlM4Xgi2x9a8H,6
1R0pmNFb5znDi6aTVeZt,6
1rc8uNR5MiqVm6Do0xSH,6
1Skcwz5YxWihMqIyt30X,6
1sVJGxyIi5AYblaRtu4e,6
1T0BWPoJVtNFzsycKhlr,6
1UfOQcbmP40I298aeCpJ,6
1WCXg8qEtJFITMilaf6k,6
1yIvRAMqz0K6xXPBZfQ8,6
1zOQywEgDm4CquxkWrJd,6
21l6VM9tKEuCUhL7DjeY,6
27c0DulJmYsz8ajZULHC,6
27V4S1ncC3fj0gitGuDI,6
09LXtWxm1EbK5uVqcQS3,7
0ACDbR5M3ZhBJajygTuf,7
0b5LqcWix3J4fGIEhXQu,7
0BIdbVDEgmPwjYF4xzir,7
0eN9lyQfwmTVk7C2ZoYp,7
0hZEqJ5eMVjU21HAG7Ii,7
0KgE6ksUeytoHfl2cT4r,7
0LAXajqhQy7po16dw8Tx,7
0M7aSiE9csDzkmfKheVt,7
0PlfqyKM1JtYZx2me5FU,7
0xfjbVBPYX1pSt4rdWOe,7
0YJRabHQ1reDxN3yjUCd,7
18S9URJgMWqua2TZevsh,7
18te652nLyCi3IrZqMOJ,7
1FAxSngsym35phwROGl0,7
1Flm7qajnOzdtwBZ29gL,7
1GKhFnumAdIeykS3rZYi,7
1iWTJCzlSZgempU2xf04,7
1jinhWv67o4ODebAw5Q2,7
1JPWLhrtsalBVpyGSKw5,7
1JuwbkFyUg7T6KfoNEjp,7
1KCvMqIFUoaB6wfOc2xQ,7
1KjZ4An78sOytkzgRL0E,7
1NiArstKkEmMf0vjDd7l,7
1nLqk0H5NYdR4OiJ6mob,7
1QuMnTw8zc3oWLSZ4KXt,7
1vhszDdnUVgZ9M5kRYQx,7
1YSNBUsrXKc3hWq7IayR,7
21ORx5nk8fcZH4eWDImo,7
25JcvPNOIBXgSrAEtpUy,7
28U1hRkQ6Yl57493ZdXD,7
2AiNV4msBIWd51whz9Xp,7
2gwSoct3BzRUvajVeCLu,7
2hwAeJRIM54fmCEaYdbn,7
2IOMPurW3V9GQcbh08jE,7
2oMjFb1UfIym9ZgxDPqG,7
2r0UYLcKCxnRovpj5dlQ,7
2UBy1ZDIiOxJHNnX35Mf,7
2v1WwXSQbf3RrN4eTG8l,7
2xlhAE5LO8RFfczB6ep3,7
2ZlLcMw4Vkim1pNYXj9v,7
35B8Vh0Q9k4STsiCtKx2,7
35dbDR8KSIwZNAPlcgTi,7
36jPFlq7zebvLdED82Up,7
37Og0blzE4WYpZ5c9LMN,7
3eHwdBolFKi4PahtXSyg,7
3mpsxg2FODqCAXHbMKPi,7
3y7txXDPZ1RneiGcgC65,7
3yALVj1gQbw6HfK4WMvl,7
4c3h7j0QyqIgnKFzA5vR,7
01SuzwMJEIXsK7A8dQbl,8
04hSzLv5s2TDYPlcgpHB,8
0AguvpOCcaf2myVDYFGb,8
0aKlH1MRxLmv34QGhEJP,8
0aVNj3qFgEZI6Akf4Kuv,8
0aVxkvmflEizUBG2rMT4,8
0BFIPv1rO83whtpMYyAs,8
0BY2iPso3bEmudlUzpfq,8
0C4aVbN58O1nAigFJt9z,8
0cTu2bkefOAJqIhYUWFK,8
0fhnXI9ESr4jgWmkiaTe,8
0giIqhw6e4mrHYzKFl8T,8
0H5OFklQm7wAPfE1qaJY,8
0hAlkjTR1Q6PewMczavb,8
0HKFs3AXTt1IrOl52eVu,8
0HVAnMrp1LjKDmuoOJFY,8
0ItXlAUOhK8ZYdDf7HW4,8
0Iv6U2hbcP1xeBitW5Oo,8
0J61YGoWjV25TzxeSluf,8
0jKSsqXVHNucByZ9l6Ao,8
0mgFnqeLAMr7jthUYRTv,8
0nxrvcZJUBNGM8Vg4SRf,8
0pLrSeQMbqfCc2IZHUaO,8
0Q4ALVSRnlHUBjyOb1sw,8
0QK142N5HoBntC7RydAh,8
0R3rxkTidWOuPI5MUbL6,8
0rGlKyvn5Vo67RaDhPti,8
0RlWbvBk9rEtVZ74KAen,8
0SaYqdFRA5G7rfktjT63,8
0SHsZKUkI2iN1Rw4be6E,8
0Tw8aQsVxMlZgFDPUm21,8
0u3fjhzJ2ZMyAgKYkVF9,8
0u4QcXSNvYnMalOBCygH,8
0UYATSktwajsiO8LWpx2,8
0w2LlG4eiBfby9JIMZgS,8
0wkFafuhqSr1Z5J7K6C9,8
0wqQj9ngaAVxI4SLr5H7,8
0wtIHxfBDmYRQ7GWSaTj,8
0XnPCouGZdhIKliOFQHr,8
0XrH26wcU1ASsvK5ZqhD,8
0ZAJlqmphO4fjnVB6bMz,8
0zr6vIw74DgVSKXiRUY1,8
14DUiwIb5xrfkF30cThJ,8
15sGnFeEvMIgpQ8acbUu,8
15uCdAByiF48LpZ3YS6Q,8
17qvV08gWM3LtoZKS9d4,8
18AD5lV4StiZfN0pmdGj,8
19emSiJG8vrZgT2zXEIY,8
1AFY9HiVpuymkQOeoDMU,8
1ARrSUKCbhWeTFyjp4ix,8
01azqd4InC7m9JpocGv5,9
01jsnpXSAlgw6aPeDxrU,9
04mcPSei852tgIKUwTJr,9
07ECKjDTyQLnabNoxrIH,9
0AV6MPlrTWG4fYI7NBtQ,9
0B2RwKm6dq9fjUWDNIOa,9
0bjN3Kgw5OATSreRmEdi,9
0co46B8IkPt2UN3HSaw7,9
0CPaAXtyswrBq83D6VEg,9
0czUXKSCiGY2j5mxLdWa,9
0dauMIK4ATfybzqUgNLc,9
0dhL8Jvcswa7U1qHiDS5,9
0FOXjzmnD9CUMVcSlEqh,9
0gcZkSFr7VnEmLPbTxUe,9
0gWUIudhwovMYb3NSnZA,9
0IelgX5H2s14KutkEyNU,9
0JAx9gzbC54Q61XBrqc7,9
0njs7MJQObCY8ABgykiP,9
0NZT2sFp4JKXqYGC8Rna,9
0Phtp2LVcsCFMKkGgmRH,9
0pqtVjvLk89PdYr5MwZO,9
0pXDqTLSebKWgaUOdnVE,9
0QIZ6hemJLErWdFlGnCc,9
0qV43bnIcBDPF1WlG6tJ,9
0QWUChwNSFtlOjr45JpT,9
0sH5GdO3LpZwMbPaXjfN,9
0tZy7jgOKCIJslPRvrop,9
0uLJEcpVlIWkTBeHZU4w,9
0x47zZTBynC21leohIEs,9
0Xm5sqBgQASUyFui2kbH,9
0yn4gphuOYlPsCz5JGFM,9
0yvBxsufKXzM6CwpcSYU,9
0Zb69USnM3qafJTWHCpL,9
13FZ9DOhywk78sJiVULu,9
148bgAqCj3NzaHwSP0Gu,9
14lJRXiAchNqVFSOBLgb,9
198PdXRpGVZAzYxCrF0e,9
19hXQ2ODt6WvpEdxTGmo,9
1EDNRfXhHWl7txAOdycU,9
1hcfvnSGMXEHU94egR3F,9
1HFt83wrBnSQu7cP2WZy,9
1hzZA7JPylptLbxKYOmI,9
1I3Am5YxgsXpDh6BLHTz,9
1juBrXlSObsai4No5MKL,9
1MjkqlJ7L6EoAPXb2fKV,9
1PBLNzoZlUuWEvAt8MHq,9
1pfyGlxvBcaMTNj3VgE9,9
1roh5Aw0ELDKyeu6GkIt,9
1RyBhpeVSJd96rZkEI7w,9
1soISvrO3ylkfmuaq2UG,9
